{
  "spacing": {
    "1": {
      "$type": "number",
      "$value": 8,
      "$description": "",
      "$extensions": {
        "com.figma": {
          "hiddenFromPublishing": false,
          "scopes": [
            "ALL_SCOPES"
          ],
          "codeSyntax": {}
        }
      }
    },
    "2": {
      "$type": "number",
      "$value": 16,
      "$description": "",
      "$extensions": {
        "com.figma": {
          "hiddenFromPublishing": false,
          "scopes": [
            "ALL_SCOPES"
          ],
          "codeSyntax": {}
        }
      }
    },
    "3": {
      "$type": "number",
      "$value": 24,
      "$description": "",
      "$extensions": {
        "com.figma": {
          "hiddenFromPublishing": false,
          "scopes": [
            "ALL_SCOPES"
          ],
          "codeSyntax": {}
        }
      }
    },
    "4": {
      "$type": "number",
      "$value": 32,
      "$description": "",
      "$extensions": {
        "com.figma": {
          "hiddenFromPublishing": false,
          "scopes": [
            "ALL_SCOPES"
          ],
          "codeSyntax": {}
        }
      }
    },
    "5": {
      "$type": "number",
      "$value": 40,
      "$description": "",
      "$extensions": {
        "com.figma": {
          "hiddenFromPublishing": false,
          "scopes": [
            "ALL_SCOPES"
          ],
          "codeSyntax": {}
        }
      }
    },
    "6": {
      "$type": "number",
      "$value": 48,
      "$description": "",
      "$extensions": {
        "com.figma": {
          "hiddenFromPublishing": false,
          "scopes": [
            "ALL_SCOPES"
          ],
          "codeSyntax": {}
        }
      }
    },
    "7": {
      "$type": "number",
      "$value": 56,
      "$description": "",
      "$extensions": {
        "com.figma": {
          "hiddenFromPublishing": false,
          "scopes": [
            "ALL_SCOPES"
          ],
          "codeSyntax": {}
        }
      }
    },
    "8": {
      "$type": "number",
      "$value": 64,
      "$description": "",
      "$extensions": {
        "com.figma": {
          "hiddenFromPublishing": false,
          "scopes": [
            "ALL_SCOPES"
          ],
          "codeSyntax": {}
        }
      }
    },
    "9": {
      "$type": "number",
      "$value": 72,
      "$description": "",
      "$extensions": {
        "com.figma": {
          "hiddenFromPublishing": false,
          "scopes": [
            "ALL_SCOPES"
          ],
          "codeSyntax": {}
        }
      }
    },
    "10": {
      "$type": "number",
      "$value": 80,
      "$description": "",
      "$extensions": {
        "com.figma": {
          "hiddenFromPublishing": false,
          "scopes": [
            "ALL_SCOPES"
          ],
          "codeSyntax": {}
        }
      }
    },
    "11": {
      "$type": "number",
      "$value": 88,
      "$description": "",
      "$extensions": {
        "com.figma": {
          "hiddenFromPublishing": false,
          "scopes": [
            "ALL_SCOPES"
          ],
          "codeSyntax": {}
        }
      }
    },
    "12": {
      "$type": "number",
      "$value": 96,
      "$description": "",
      "$extensions": {
        "com.figma": {
          "hiddenFromPublishing": false,
          "scopes": [
            "ALL_SCOPES"
          ],
          "codeSyntax": {}
        }
      }
    },
    "13": {
      "$type": "number",
      "$value": 104,
      "$description": "",
      "$extensions": {
        "com.figma": {
          "hiddenFromPublishing": false,
          "scopes": [
            "ALL_SCOPES"
          ],
          "codeSyntax": {}
        }
      }
    },
    "half": {
      "$type": "number",
      "$value": 4,
      "$description": "",
      "$extensions": {
        "com.figma": {
          "hiddenFromPublishing": true,
          "scopes": [
            "ALL_SCOPES"
          ],
          "codeSyntax": {}
        }
      }
    }
  },
  "radius": {
    "3xl": {
      "$type": "number",
      "$value": 360,
      "$description": "",
      "$extensions": {
        "com.figma": {
          "hiddenFromPublishing": false,
          "scopes": [
            "ALL_SCOPES"
          ],
          "codeSyntax": {}
        }
      }
    },
    "2xl": {
      "$type": "number",
      "$value": 128,
      "$description": "",
      "$extensions": {
        "com.figma": {
          "hiddenFromPublishing": false,
          "scopes": [
            "ALL_SCOPES"
          ],
          "codeSyntax": {}
        }
      }
    },
    "lg": {
      "$type": "number",
      "$value": 16,
      "$description": "",
      "$extensions": {
        "com.figma": {
          "hiddenFromPublishing": false,
          "scopes": [
            "ALL_SCOPES"
          ],
          "codeSyntax": {}
        }
      }
    },
    "xl": {
      "$type": "number",
      "$value": 32,
      "$description": "",
      "$extensions": {
        "com.figma": {
          "hiddenFromPublishing": false,
          "scopes": [
            "ALL_SCOPES"
          ],
          "codeSyntax": {}
        }
      }
    },
    "md": {
      "$type": "number",
      "$value": 8,
      "$description": "",
      "$extensions": {
        "com.figma": {
          "hiddenFromPublishing": false,
          "scopes": [
            "ALL_SCOPES"
          ],
          "codeSyntax": {}
        }
      }
    },
    "sm": {
      "$type": "number",
      "$value": 4,
      "$description": "",
      "$extensions": {
        "com.figma": {
          "hiddenFromPublishing": false,
          "scopes": [
            "ALL_SCOPES"
          ],
          "codeSyntax": {}
        }
      }
    }
  },
  "color": {
    "brand": {
      "radish": {
        "$type": "color",
        "$value": "#ffcbb7",
        "$description": "",
        "$extensions": {
          "com.figma": {
            "hiddenFromPublishing": false,
            "scopes": [
              "ALL_SCOPES"
            ],
            "codeSyntax": {}
          }
        }
      },
      "pear": {
        "$type": "color",
        "$value": "#def358",
        "$description": "",
        "$extensions": {
          "com.figma": {
            "hiddenFromPublishing": false,
            "scopes": [
              "ALL_SCOPES"
            ],
            "codeSyntax": {}
          }
        }
      },
      "watermelon": {
        "$type": "color",
        "$value": "#7db8a9",
        "$description": "",
        "$extensions": {
          "com.figma": {
            "hiddenFromPublishing": false,
            "scopes": [
              "ALL_SCOPES"
            ],
            "codeSyntax": {}
          }
        }
      },
      "mushroom": {
        "$type": "color",
        "$value": "#f1d367",
        "$description": "",
        "$extensions": {
          "com.figma": {
            "hiddenFromPublishing": false,
            "scopes": [
              "ALL_SCOPES"
            ],
            "codeSyntax": {}
          }
        }
      },
      "cherry": {
        "$type": "color",
        "$value": "#ff9eab",
        "$description": "",
        "$extensions": {
          "com.figma": {
            "hiddenFromPublishing": false,
            "scopes": [
              "ALL_SCOPES"
            ],
            "codeSyntax": {}
          }
        }
      }
    },
    "gray": {
      "50": {
        "$type": "color",
        "$value": "#f1f1f1",
        "$description": "",
        "$extensions": {
          "com.figma": {
            "hiddenFromPublishing": false,
            "scopes": [
              "ALL_SCOPES"
            ],
            "codeSyntax": {}
          }
        }
      },
      "200": {
        "$type": "color",
        "$value": "#d3d3d3",
        "$description": "",
        "$extensions": {
          "com.figma": {
            "hiddenFromPublishing": false,
            "scopes": [
              "ALL_SCOPES"
            ],
            "codeSyntax": {}
          }
        }
      },
      "400": {
        "$type": "color",
        "$value": "#afafaf",
        "$description": "",
        "$extensions": {
          "com.figma": {
            "hiddenFromPublishing": false,
            "scopes": [
              "ALL_SCOPES"
            ],
            "codeSyntax": {}
          }
        }
      },
      "600": {
        "$type": "color",
        "$value": "#7c7c7c",
        "$description": "",
        "$extensions": {
          "com.figma": {
            "hiddenFromPublishing": false,
            "scopes": [
              "ALL_SCOPES"
            ],
            "codeSyntax": {}
          }
        }
      },
      "800": {
        "$type": "color",
        "$value": "#343434",
        "$description": "",
        "$extensions": {
          "com.figma": {
            "hiddenFromPublishing": false,
            "scopes": [
              "ALL_SCOPES"
            ],
            "codeSyntax": {}
          }
        }
      },
      "900": {
        "$type": "color",
        "$value": "#202020",
        "$description": "",
        "$extensions": {
          "com.figma": {
            "hiddenFromPublishing": false,
            "scopes": [
              "ALL_SCOPES"
            ],
            "codeSyntax": {}
          }
        }
      }
    }
  }
}