{
  "Is available": {
    "$type": "boolean",
    "$value": true,
    "$description": "",
    "$extensions": {
      "com.figma": {
        "hiddenFromPublishing": false,
        "scopes": [
          "ALL_SCOPES"
        ],
        "codeSyntax": {}
      }
    }
  },
  "Cart button text": {
    "$type": "string",
    "$value": "Available",
    "$description": "",
    "$extensions": {
      "com.figma": {
        "hiddenFromPublishing": false,
        "scopes": [
          "ALL_SCOPES"
        ],
        "codeSyntax": {}
      }
    }
  },
  "Amount available": {
    "$type": "number",
    "$value": 4,
    "$description": "",
    "$extensions": {
      "com.figma": {
        "hiddenFromPublishing": false,
        "scopes": [
          "ALL_SCOPES"
        ],
        "codeSyntax": {}
      }
    }
  },
  "Has cart": {
    "$type": "boolean",
    "$value": false,
    "$description": "",
    "$extensions": {
      "com.figma": {
        "hiddenFromPublishing": false,
        "scopes": [
          "ALL_SCOPES"
        ],
        "codeSyntax": {}
      }
    }
  }
}