{
  "border": {
    "border-primary": {
      "$type": "color",
      "$value": "{color.gray.50}",
      "$description": "",
      "$extensions": {
        "com.figma": {
          "hiddenFromPublishing": false,
          "scopes": [
            "ALL_SCOPES"
          ],
          "codeSyntax": {}
        }
      }
    }
  },
  "text": {
    "text-invert": {
      "$type": "color",
      "$value": "{color.gray.900}",
      "$description": "",
      "$extensions": {
        "com.figma": {
          "hiddenFromPublishing": false,
          "scopes": [
            "ALL_SCOPES"
          ],
          "codeSyntax": {}
        }
      }
    },
    "text-brand": {
      "$type": "color",
      "$value": "{color.gray.900}",
      "$description": "",
      "$extensions": {
        "com.figma": {
          "hiddenFromPublishing": false,
          "scopes": [
            "ALL_SCOPES"
          ],
          "codeSyntax": {}
        }
      }
    },
    "text-primary": {
      "$type": "color",
      "$value": "{color.gray.50}",
      "$description": "",
      "$extensions": {
        "com.figma": {
          "hiddenFromPublishing": false,
          "scopes": [
            "ALL_SCOPES"
          ],
          "codeSyntax": {}
        }
      }
    },
    "text-secondary": {
      "$type": "color",
      "$value": "{color.gray.200}",
      "$description": "",
      "$extensions": {
        "com.figma": {
          "hiddenFromPublishing": false,
          "scopes": [
            "ALL_SCOPES"
          ],
          "codeSyntax": {}
        }
      }
    }
  },
  "spacing": {
    "spacing-none": {
      "$type": "number",
      "$value": 0,
      "$description": "",
      "$extensions": {
        "com.figma": {
          "hiddenFromPublishing": false,
          "scopes": [
            "ALL_SCOPES"
          ],
          "codeSyntax": {}
        }
      }
    },
    "spacing-2xl": {
      "$type": "number",
      "$value": "{spacing.13}",
      "$description": "",
      "$extensions": {
        "com.figma": {
          "hiddenFromPublishing": false,
          "scopes": [
            "ALL_SCOPES"
          ],
          "codeSyntax": {}
        }
      }
    },
    "spacing-lg": {
      "$type": "number",
      "$value": "{spacing.4}",
      "$description": "",
      "$extensions": {
        "com.figma": {
          "hiddenFromPublishing": false,
          "scopes": [
            "ALL_SCOPES"
          ],
          "codeSyntax": {}
        }
      }
    },
    "spacing-sm": {
      "$type": "number",
      "$value": "{spacing.1}",
      "$description": "",
      "$extensions": {
        "com.figma": {
          "hiddenFromPublishing": false,
          "scopes": [
            "ALL_SCOPES"
          ],
          "codeSyntax": {}
        }
      }
    },
    "spacing-xs": {
      "$type": "number",
      "$value": "{spacing.half}",
      "$description": "",
      "$extensions": {
        "com.figma": {
          "hiddenFromPublishing": false,
          "scopes": [
            "ALL_SCOPES"
          ],
          "codeSyntax": {}
        }
      }
    },
    "spacing-md": {
      "$type": "number",
      "$value": "{spacing.3}",
      "$description": "",
      "$extensions": {
        "com.figma": {
          "hiddenFromPublishing": false,
          "scopes": [
            "ALL_SCOPES"
          ],
          "codeSyntax": {}
        }
      }
    },
    "spacing-xl": {
      "$type": "number",
      "$value": "{spacing.6}",
      "$description": "",
      "$extensions": {
        "com.figma": {
          "hiddenFromPublishing": false,
          "scopes": [
            "ALL_SCOPES"
          ],
          "codeSyntax": {}
        }
      }
    }
  },
  "surface": {
    "surface-secodary": {
      "$type": "color",
      "$value": "{color.gray.400}",
      "$description": "",
      "$extensions": {
        "com.figma": {
          "hiddenFromPublishing": false,
          "scopes": [
            "ALL_SCOPES"
          ],
          "codeSyntax": {}
        }
      }
    },
    "surface-brand": {
      "$type": "color",
      "$value": "{color.brand.watermelon}",
      "$description": "",
      "$extensions": {
        "com.figma": {
          "hiddenFromPublishing": false,
          "scopes": [
            "ALL_SCOPES"
          ],
          "codeSyntax": {}
        }
      }
    },
    "surface-invert": {
      "$type": "color",
      "$value": "{color.gray.50}",
      "$description": "",
      "$extensions": {
        "com.figma": {
          "hiddenFromPublishing": false,
          "scopes": [
            "ALL_SCOPES"
          ],
          "codeSyntax": {}
        }
      }
    },
    "surface-primary": {
      "$type": "color",
      "$value": "{color.gray.900}",
      "$description": "",
      "$extensions": {
        "com.figma": {
          "hiddenFromPublishing": false,
          "scopes": [
            "ALL_SCOPES"
          ],
          "codeSyntax": {}
        }
      }
    }
  },
  "radius": {
    "radius-rounded": {
      "$type": "number",
      "$value": "{radius.md}",
      "$description": "",
      "$extensions": {
        "com.figma": {
          "hiddenFromPublishing": false,
          "scopes": [
            "ALL_SCOPES"
          ],
          "codeSyntax": {}
        }
      }
    },
    "radius-minimal": {
      "$type": "number",
      "$value": "{radius.sm}",
      "$description": "",
      "$extensions": {
        "com.figma": {
          "hiddenFromPublishing": false,
          "scopes": [
            "ALL_SCOPES"
          ],
          "codeSyntax": {}
        }
      }
    },
    "radius-full": {
      "$type": "number",
      "$value": "{radius.3xl}",
      "$description": "",
      "$extensions": {
        "com.figma": {
          "hiddenFromPublishing": false,
          "scopes": [
            "ALL_SCOPES"
          ],
          "codeSyntax": {}
        }
      }
    }
  }
}